platform_name,category,general_description,value_proposition,best_educational_use_cases,core_features,time_to_first_result,student_access_requirements,things_to_consider,platformspecific_best_practices,recommended_prompt_writing_tips,privacy_data_considerations,mobile_experience,learning_resources_available,advanced_capabilities,scalability,collaborationteam_support,integration_options,export_or_hosting,pricing_plan,direct_external_link,technical_classification_tags
Bubble,AI-Powered App Builders & Development Platforms,"Bubble is a full-featured no-code platform for building complex, database-driven web applications without writing code. It uses a visual drag-and-drop UI builder, a powerful workflow engine, and a built-in database to allow creators to build anything from dashboards to full SaaS products. For educators, it enables…","Bubble provides the depth and flexibility of traditional full-stack development without requiring programming skills. It is the most scalable and customizable tool in the no-code category, giving educators control over UI, logic, permissions, and backend workflows. While its learning curve is higher than Glide or…","School-wide submission portal: Multi-user system where students upload assignments, teachers review, and admins track data; Custom LMS-lite: Build a personalized learning platform with modules, tracking, quizzes, and user roles; Internship or project marketplace: Allow students to browse opportunities, apply, and get…","Drag-and-drop UI builder; Integrated database + data types; Workflow automation engine; API connector; Plugin marketplace (1,500+ plugins); Full user authentication system; Role-based permissions; Custom domain + hosting; Version control environment; Responsive design engine","1–2 hours for a simple prototype. Several sessions to build a complete, polished multi-page app.","Accounts: Optional, full auth support if needed; Devices: Best on laptops/desktops, apps built are fully responsive; Under 13: Students should not create Bubble accounts, but can use deployed apps; Internet: Required; Browser: Chrome/Edge recommended.",Steep learning curve compared to other no-code tools; Performance requires careful design (avoid heavy data loads); No native mobile apps (web only); Requires time to master workflows and responsive engine; Pricing increases as app usage scales.,"Build your database first—Bubble apps depend heavily on schema design; Use reusable components for headers, footers, and repeated UI blocks; Limit data sent to repeating groups to improve performance; Use privacy roles properly to protect student data; Start with templates to accelerate learning.","N/A – Bubble is not a prompt-based builder. AI features exist (AI assist), but app creation is fully visual. However, if using Bubble with ChatGPT or Claude to generate workflow logic descriptions, apply these tips: Be Specific About Logic; Document Data Flow; Reference Bubble Components.",GDPR-compliant tools and encryption; Full control over user data rules; Secure SSL hosting; Internal role-based privacy settings; No FERPA documentation—handle student data cautiously; Hosted exclusively on Bubble’s infrastructure (except enterprise); Educators should request a Data Processing Agreement (DPA).,"Create on mobile: Not supported (desktop optimized); Student access: Good if responsive settings are configured; Native apps: None (PWA possible, native wrapping in beta); Rating: Good, depends on builder skill.",Bubble Academy tutorials; Huge community forum; Template marketplace; Bootcamps and YouTube training; Active plugin developer ecosystem; Paid support available.,API integration (REST); Custom plugins (JS-enabled); Backend workflows + scheduling; OAuth login; Stripe payments; SEO tools; Dedicated hosting for enterprise; Multiple environments (dev/live); Database Queries with complex logic; Multi-Tenancy.,Works for class -> school -> district scenarios; Thousands of users possible with optimization; Built-in scaling via workload units; Dedicated infrastructure for enterprise.,Multi-editor team plans; Version control + branches; Commenting; Handoff for development teams; Limitations on real-time co-editing (locks to avoid conflicts); Multi-App Workspaces.,"Google Sheets (via API); OpenAI API; LMS integration via plugins or API; Zapier / Make.com; Stripe, Algolia, Twilio; Webhooks in/out; Custom REST API endpoints; Google Workspace; Microsoft 365.",Hosted entirely on Bubble cloud; No code export; Custom domain support; CSV data export; API endpoints for external systems.,Free Tier: Build on bubbleapps.io domain; Starter: ~$32/month; Growth: ~$134/month; Team: ~$399/month; Enterprise: custom pricing with dedicated resources (Pricing fluctuates frequently—verify); Education discounts available (20-50% typical).,https://bubble.io,"Technical Level: Low-code; Primary Use Case: Interactive apps, automation, workflow systems; Deployment: Web-based, cloud-hosted; Collaboration: Strong team features; Data Integration: APIs, spreadsheets, plugins; Pricing Tier: Freemium -> subscription -> enterprise"
"ChatGPT (GPTs, Custom GPTs, Agents, Artifacts)",AI Model Platforms With Creation Extensions,"ChatGPT is OpenAI's large language model platform that, beyond basic text chat, includes multiple creation and extension tools for educators: Custom GPTs (persistent AI assistants with custom instructions and knowledge files), GPTs (a store of shared Custom GPTs), Agents (AI systems that can take autonomous actions…","ChatGPT's strength is flexibility and depth. The base model is powerful; the extensions allow educators to specialize it for specific pedagogical needs. Custom GPTs let teachers create persistent, reusable AI tutors, graders, question generators, or curriculum designers with minimal effort. Artifacts (code,…","Custom Tutor GPT: Create a Custom GPT specialized in a subject (algebra, Spanish grammar, history) with uploaded knowledge files; AI-Powered Rubric Scorer: Build a Custom GPT trained on your rubric to score student work and provide feedback; Interactive Quiz or Assessment Generator: Create a Custom GPT that generates…","Custom GPTs & GPTs (Persistent AI Assistants); Knowledge Upload (textbooks, materials); Custom Instructions; GPT Store; Agents (Autonomous Task Completion, Tool Integration, Memory); Artifacts (Code Generation, Document Creation, Shared Artifacts, Prompt-and-Edit Workflow); Deep Research and search tools.","2-5 minutes for Custom GPTs (describe assistant, generate working GPT); 5-10 minutes for Artifacts (describe tool/document, generate code/content); 15-30 minutes for Agents (design workflow, test execution).","Accounts: Students need ChatGPT accounts (free or paid) for Custom GPTs/Agents; Devices: Web-based primarily, mobile app (iOS/Android) supports most features; Age Restrictions: Users 13+, COPPA compliance is educator responsibility; Internet: Required; Browser: Web-based or mobile app.",Free Tier Limitations: Custom GPTs/Agents often require Plus/Pro; Shared Data Concerns: Conversation data stored unless opted out/Enterprise; Knowledge File Size Limits (~100MB); Accuracy and Hallucination Risk; Inconsistent Outputs; Academic integrity concerns with students generating assignments.,"Develop Detailed System Instructions (role, tone, constraints); Upload Knowledge Carefully (organize files, test referencing); Test Extensively Before Classroom Deployment; Create Agent Workflows Incrementally; Share Via Direct Links Initially (not public store); Use Custom GPTs to lock in workflows; Combine Artifacts…","For Custom GPTs: Be specific about role, tone, and constraints (e.g., 'You are an encouraging elementary science teacher...'); For Artifacts: Describe desired output format and functionality (e.g., 'Create an interactive periodic table...'); For Agents: Describe end goal and constraints (e.g., 'Research a topic,…","Data Collection: OpenAI collects conversation data for model improvement (unless opt-out/Enterprise); Compliance: Not FERPA-compliant by default (Enterprise offers compliance features); Privacy: Avoid sensitive student data in standard accounts; Student Data: Use Enterprise if handling PII, avoid real names in…","Create on Mobile: Limited (Custom GPT creation easier on desktop); Student Access on Mobile: Excellent (full access via app/web); Native Apps: Yes (iOS/Android); Mobile Web Performance: Good; Overall Rating: Good for student access, Limited for educator creation.","Official Documentation (guides for GPTs, Agents, Artifacts); Video Tutorials (YouTube, educator-focused creators); GPT Store (examples/templates); Community (Reddit, Discord, OpenAI forums); ChatGPT Foundations Course for K-12 Educators; Support via email/help center.","API Access for Developers; Function Calling (execute external system code); Memory System (remember user details); File Upload and Processing; Structured Output Modes (JSON, CSV); Multi-Turn Reasoning; Deep Research; Image generation (DALL-E); Integrations with Canva/Google Drive/Microsoft 365.","User Capacity: Scales to millions, rate limits apply; Multi-Educator Use: Custom GPTs shareable via links; Performance: Consistent, highly optimized; Limits: Rate limits on messages/tools, storage limits on knowledge files; Enterprise supports large deployments.","Multi-Educator Projects: No built-in real-time co-editing, share via links; Sharing Features: Configurable permissions (private, link-only, public); Student Collaboration: Multi-user conversations supported but no real-time co-editing; Version Control: Limited (track instructions externally); Team Workspaces:…","Google Workspace (via Artifact export/connectors); Microsoft 365 (via export/connectors); LMS Integration (embed/link Custom GPTs); APIs and Webhooks (Zapier, Make.com via API); File Upload; Web Search; Canva.","Distribution: Shared via ChatGPT links (GPT URL, Team spaces); Cloud-Hosted: Hosted on OpenAI infrastructure; Export Formats: Artifacts export to Code, Google Docs, PDF, HTML; Embeddable: Artifacts can be embedded via iframes; No self-hosting.","Free Tier: GPT-4o mini, limited Custom GPT/Artifact use; ChatGPT Plus: ~$20/month (unlimited GPTs, full Artifacts, Agents); ChatGPT Pro: ~$200/month; ChatGPT Enterprise: Custom pricing (~$30-60/seat), FERPA-compliant; ChatGPT for Teachers: Free for verified US K-12 (limited time).",https://chatgpt.com,"Technical Level: No-code (Custom GPTs, Agents), Low-code (Artifacts); Primary Use Case: Content creation, Assessment, Communication, Automation; Deployment: Cloud-hosted; Collaboration: Solo + shareable outputs; Data Integration: File upload, Web search, APIs; Pricing Tier: Freemium (Subscription for advanced)."
Bolt.new,AI-Powered App Builders & Development Platforms,"Bolt.new (from StackBlitz) is an AI-powered, browser-based coding environment that converts natural language prompts into full-stack web applications in minutes. It’s aimed at fast prototyping, creating functioning demos, and generating real code instantly. For educators, it serves as an excellent rapid-prototyping…","Bolt.new generates production-quality code extremely quickly and runs entirely in the browser using WebContainers. Unlike no-code tools, it gives teachers and tech-savvy educators full control of the underlying code, making it suitable for CS classrooms, hackathons, or teacher-built utilities. It bridges the gap…","Prototype student tools: Build calculators, quizzes, dashboards, or utilities; CS lesson demonstrations: Show real-time code generation, debugging, and refactoring; Hackathon acceleration: Students scaffold projects with AI; Teacher workflow automation: Create grading scripts or content generators; Interactive project…","AI -> full-stack code generation; In-browser VS Code-like editor; Live preview panel; Framework templates (React, Next.js, Node.js, Vue, Svelte); One-click deployments; GitHub sync; WebContainer-based sandbox; Multi-file generation and editing; Chat-based iterative coding; Download & Export.",3–10 minutes. One of the fastest platforms for generating working code. Simple apps deploy in first iteration; complex apps take 10-20 mins.,"Bolt account: Required for saving projects; Devices: Laptop required, mobile not suitable for creation; Under 13: Students should not create accounts; Internet: Required; Browser: Chrome/Edge recommended.",Requires coding confidence to customize beyond initial output; Not designed for long-term hosting or complex logic without external setup; No built-in database unless manually added; No visual editor—pure code; Not ideal for educators wanting no-code simplicity; Deployment complexity for non-technical users.,"Write prompts that specify framework, structure, and components; Use iterative short prompts; Export to GitHub early; Teach students to read AI-generated code critically; Start with Frontend-Only Apps; Test Locally Before Deployment; Plan for Backend from the Start.","Include stack details (e.g., 'Build a React app using Vite...'); Specify file structure (e.g., 'Create pages/, components/ folders'); Use action-oriented prompts ('Add a login form with validation'); Ask model to explain code; Use constraints ('Keep UI minimal'); Include Design Hints ('Dark mode'); Reference Data…",Runs code client-side (safer) but project data is cloud-synced; No student data storage unless added manually; No FERPA/COPPA documentation; Avoid integrating sensitive data into generated apps; Privacy depends on external hosting (Netlify/Vercel) policy.,"Create on mobile: No/Not practical; Access apps: Yes (apps are web apps); Native apps: No (PWA possible); Rating: Limited for creation, Excellent for student access.",StackBlitz documentation; Code examples; GitHub repo sync; Community videos; Built-in templates; Discord communities.,Real-time AI coding; Multi-file refactoring; Framework switching; Custom package installs; Docker-like sandbox via WebContainers; GitHub Actions CI starter workflows; Backend Integration (Firebase/Supabase via code); PWA Capabilities.,Not intended for high-traffic production apps directly; Best for prototyping/demos; Code can be exported and deployed to Netlify/Vercel for scalability (thousands of users).,GitHub collaboration; Link sharing; No real-time co-editing; Students can fork teacher templates; Version control via Git.,"GitHub; NPM ecosystem; Deploy to Vercel, Netlify; API integrations via code; Google Workspace/Microsoft 365 via API only; No native no-code integrations.",Export to GitHub; Deploy to Vercel/Netlify; Preview via Bolt; Download source code (zip); Self-hosting possible; Embeddable via iframes.,"Free tier: Core features, 50 free deployments/month; Pro: ~$9/mo; Pro Max: ~$39/mo; Hosting costs separate (Netlify/Vercel); No educational discount published.",https://bolt.new,"Technical Level: Code-required / AI-assisted coding; Primary Use Case: Prototyping, coding education, automation; Deployment: Web-based editor, external hosting; Collaboration: GitHub workflows; Data Integration: APIs, NPM packages; Pricing Tier: Freemium -> subscription"
Base44,AI-Powered App Builders & Development Platforms,"Base44 is an AI-powered no-code platform that converts natural language descriptions into fully functional web applications with built-in backend infrastructure. It includes a visual prompt-to-app builder, pre-built database system, user management, file storage, analytics, and one-click deployment. It eliminates the…","Base44 eliminates 'integration hell' by bundling everything (frontend, backend, auth, database) into a single platform. It allows creators to build step-by-step flows and data-driven tools without piecing together third-party tools. It enables 'minutes, not months' development speed and allows educators to focus on…","Student Portfolio Platform: Upload project files, teacher grading, parent views; Attendance and Participation Tracker: Mark attendance, track points, visual charts; Course Registration System: Browse courses, register with limits, confirmation emails; Interactive Learning Modules: Lessons, quizzes, badges, analytics;…",Prompt-based screen generation; Page-based structure; Visual editor with layout presets; Internal relational database; Authentication & User Management; File Storage; Workflow Automation; API Access (auto-created); One-click deployment; Security Scan; Analytics Dashboard.,5–15 minutes from signup to functional app. Simple apps launch in first session; complex flows take 20-30 minutes.,"Accounts: Students do not need accounts unless login features built; Devices: Works on computers, tablets, phones (responsive); Age restrictions: Students under 13 should not create accounts; Internet: Required; Browser: Chrome/Edge recommended.",No code export/portability (Vendor Lock-in); No plugin ecosystem; No multilingual UI support currently; Limited template library compared to others; More rigid visual structure; Learning curve for advanced workflow builder; Data Customization requires database literacy.,"Use clear prompts specifying page titles, flow order, and data types; Build database early; Keep flows simple/linear; Use presets for consistency; Duplicate pages for uniformity; Describe Data Model First; Specify User Roles Upfront; Test User Roles Thoroughly.",Structure prompts as '[Page Name]: purpose + key components + data structure'; Specify number of screens; Add constraints; Frame Around User Journeys; Specify Data Relationships Clearly; Mention Integrations Upfront; Include Access Control Details.,Projects private by default; No built-in encryption for sensitive student data; No published FERPA/COPPA/GDPR compliance; All data cloud-hosted; Educators should treat apps like unencrypted web tools; Obtain parental consent for data collection.,"Create on mobile: Not supported (desktop required); Student access: Excellent (responsive); Native apps: None (web-based only); Rating: Excellent for student usage, Limited for authoring.",Early-stage documentation; Example templates inside editor; Discord support community; Basic onboarding tutorials; YouTube channel; 'Prompt panel' hints.,Internal relational database; Dynamic repeaters; Page-level logic; Custom branding; Multi-screen generation; API Endpoints (auto-generated); Workflow Automation (multi-step); Role-Based Security (Row-level); SCIM provisioning.,Suitable for class-size or small school tools; Handles moderate data volumes; Thousands of concurrent users possible; Limited concurrency compared to Bubble.,Solo-creator oriented (team support paid/upcoming); Workspace feature for multi-educator management; Shareable app links; No co-editing inside Base44 for free tier; Version control limited.,Internal database only; Webhook/API functionality; Custom integrations via API; No native LMS/Sheets integrations yet; No plugin marketplace.,Hosted on Base44 cloud; Custom domains for Pro plan; No code export (Vendor lock-in); Shareable public links; Embeddable as iframes.,"Free Tier: Up to 2 active apps, basic features; Maker Plan: ~$25/month (unlimited apps, private apps, custom branding); Team/Business: Higher tier with advanced features; Education discounts: Inquire directly.",https://base44.app,"Technical Level: No-code; Primary Use Case: Interactive apps, content displays, workflow tools; Deployment: Web-based, cloud-hosted; Collaboration: Solo use / Team (paid); Data Integration: Internal database only, APIs; Pricing Tier: Freemium / subscription"
Lovable,AI-Powered App Builders & Development Platforms,"Lovable is an AI-powered front-end and full-stack web app generator that transforms natural language prompts into functional, deployable applications. It combines code generation, visual editing, and instant deployment. Educators can describe interactive tools or workflows, and Lovable generates the code, design, and…","Lovable stands out for speed and simplicity—prompt to published app in 5-10 minutes. It provides the power of real, exportable React/Next.js code with the ease of no-code. Unlike competitors, it handles full-stack assembly (styling, logic, database via Supabase) from conversational descriptions. Transparent credit-…",Interactive Quiz Application; Digital Assessment Tool; Real-Time Classroom Polling; Personalized Learning Dashboard; Resource Library Management; Field trip companion app; Parent communication hub; Student project templates.,AI-Powered Code Generation (HTML/CSS/JS); Visual UI editor (Visual Edits); Integrated hosting + one-click publishing; Built-in Authentication (Supabase); API Access; Database and CRUD logic generation; GitHub sync + full code export; Multi-step 'Cascade' agent; Private Projects.,5–10 minutes from signup to functioning app. Simple apps deploy in first session; complex apps take 20-30 mins of refinement.,"Accounts: Students do not need accounts unless auth is built; Devices: Fully responsive on phones, tablets, computers; Age Restrictions: COPPA compliance is educator responsibility; Internet: Required; Browser: Web-based only.",Learning Curve for Advanced Customization; Code Quality Variability; No Built-in Backend Database (uses Supabase integration); Limited Export/Self-Hosting on Free Tier; Pricing Scaling (credit-based costs can climb); Not suitable for very large enterprise apps.,Start with Single-Page Apps; Use Specific Descriptions; Test Student Access Before Rollout; Preserve Initial Prompts; Integrate with Existing Tools; Use GitHub sync for collaboration; Keep databases simple; Use 'Cascade' agent for complex tasks.,"Use 'User Type' Framing (e.g., 'Create an app for 6th-grade students...'); Specify Visual Layout; Include Data Flow Details; Reference Constraints; Use step-by-step prompts; Provide examples; Use iterative refinement.",Data stored on Lovable’s cloud/Supabase; Code exportable; No formal FERPA/COPPA compliance; Educators responsible for privacy when building auth/data collection; Avoid storing sensitive student info; Projects private by default.,"Create on mobile: Not recommended (desktop required); Student Access: Excellent (responsive, PWA-like); Native Apps: No; Rating: Excellent for student usage, Limited for authoring.","Official Documentation; Video Tutorials (YouTube); Template/Starter Examples; Community (Reddit, Discord); In-editor help.",Custom Code Integration (Pro); API Generation; Third-Party Integrations; Database Connectivity (Supabase/Firebase); Version Control & Git Export; Import Figma designs; Custom NPM packages.,Student Capacity: Scales to hundreds/thousands; Multi-Teacher Use: Workspace feature (Pro+); Performance: Responsive up to moderate data volumes; Exported apps scale independently on Vercel/Netlify.,Multi-Educator Projects (Pro/Business workspaces); Real-time collaboration (Team plan); GitHub workflows; Shareable URLs; Student Collaboration depends on app features.,Google Workspace (via Sheets/Drive API); Microsoft 365 (via API); LMS Integration (embed/link); APIs and Webhooks; Supabase; Stripe; GitHub; Builder.io.,"Distribution: Shareable links (Lovable URL), QR codes; Cloud-Hosted: Lovable servers; Export Formats: Full code export (React/Next.js + Tailwind) to Git/Vercel/Netlify; Embeddable: Yes (iframes); Custom Domains (Business+).","Free Tier: 5 daily credits, public projects; Pro Plan: $25/month (private projects, code export, 100+ credits); Business Plan: $50/month (shared, SSO); Teams: $30/user/mo; Education Discount: No official discount, Pro affordable.",https://lovable.dev,"Technical Level: No-code / AI-assisted coding; Primary Use Case: Interactive apps, Content creation, Assessment; Deployment: Web-based, Cloud-hosted, Self-host; Collaboration: Team features (Pro+); Data Integration: APIs, File upload, Databases; Pricing Tier: Freemium"
Glide,AI-Powered App Builders & Development Platforms,"Glide is a no-code platform that rapidly converts Google Sheets, Airtable, or Excel data into functional mobile and web applications. It auto-generates app layouts directly from spreadsheet structure, making it ideal for educators who already organize data in spreadsheets.","Glide's superpower is speed and spreadsheet integration. It turns static sheets into interactive, mobile-first tools in minutes. It handles layout and responsiveness automatically, allowing educators with zero design experience to build sophisticated apps. It excels at data-driven apps like directories and inventories.",Resource Library App; Student Portfolio Showcase; Field Trip or Event Sign-Up; Attendance and Participation Tracker; Interactive Classroom Bingo/Game Board; Gradebooks & analytics dashboards; Asset/inventory tracking.,Google Sheets/Airtable/Excel Integration; Drag-and-Drop UI Customization; Multi-Page Apps; Real-Time Data Sync; Mobile Responsiveness; User Authentication & Roles; Pre-built Templates; Computed columns; AI column generation; Webhooks/API modules.,10–20 minutes from uploading a Sheet to deployed app. Simple apps launch in first session.,"Accounts: Optional for read-only, needed for data entry; Devices: Excellent on mobile, tablets, computers; Age Restrictions: COPPA compliance is educator responsibility; Internet: Required; Browser: Modern browsers, PWA install option.",Dependency on Google Sheets Structure (messy data = bad app); Limited Customization Beyond Sheet Data; Pricing Jumps Between Tiers; Data Storage Limits (row limits); Sheet-Centric Limitations (can't be independent of data source).,Design Your Sheet First (clean structure); Use Consistent Data Types; Leverage Sheet Formulas for Derived Data; Test With Student-Type Accounts; Use Templates as Starting Points; Store media in Drive/Glide Storage.,Describe Your Data Model (plan columns with clear names); Group Related Data; Include Metadata Thoughtfully (filtering/sorting columns); N/A for app generation prompts (visual builder).,GDPR-compliant; SOC 2 certified; Google Sheets FERPA-compliant if set up correctly; Educators responsible for COPPA; Optional authentication; Row-level security settings; Data lives in Google Sheet or Glide Tables.,"Create on mobile: Limited/Not ideal; Student Access: Excellent (PWA, native feel); Native Apps: Yes (can publish to App Store/Google Play on high tiers); Rating: Excellent for student-facing mobile tools.",Glide University (learning path); Comprehensive Help Center; Video Tutorials (YouTube); Large Template Library; Active Community Forum; Discord/Slack groups.,"Glide Tables (custom DB); Workflows and Automation; API Access (paid); Custom Code (CSS/JS on high tiers); Multi-Workspace Management; AI column generation; Computed logic (math, lookups).",Excellent for classroom/small school; Struggles with very large datasets (10k+ rows); Best performance under 10k rows; Limits based on plan (rows/users).,Shared team folders; Permissions per editor; Admin console; Cross-team templates; Workspace features for multi-educator management; No student co-building.,Google Sheets; Airtable; Excel; Slack; Zapier; Make.com; Webhooks; Google Drive (media); APIs.,Glide-hosted apps; Custom domains (Pro); QR code distribution; PWA install; Native app publishing; No code export (Vendor lock-in); Embeddable in LMS.,"Free: 1 app, 10 personal users, limited rows; Maker: $60/mo (3 apps, unlimited personal users); Team: ~$125/mo; Business: $249/mo; Enterprise: Custom; Education discounts available (inquiry-based).",https://www.glideapps.com,"Technical Level: No-code; Primary Use Case: Data-driven apps, dashboards; Deployment: Web-based, Mobile PWA, Native; Collaboration: Team support; Data Integration: Spreadsheets, Databases, APIs; Pricing Tier: Freemium"
Firebase Studio,AI-Powered App Builders & Development Platforms,"Firebase Studio is Google's cloud-based, agentic development environment that generates full-stack AI-powered web applications with integrated Firebase backend services. Powered by Gemini AI, it includes a code editor, database setup (Firestore), auth, cloud functions, and one-click deployment to Google Cloud Run in a…","Firebase Studio provides a complete, cohesive backend and frontend environment, eliminating the need for external tools. Unlike frontend-only builders, it handles sophisticated data-driven apps with enterprise-grade infrastructure (Google Cloud). Gemini AI handles code generation and troubleshooting. It is powerful…",Student Assessment Platform: Assessments with real-time results and analytics; Real-Time Classroom Collaboration Tool: Whiteboards or group project hubs; Student Portfolio Platform: Full-stack app with file storage and access controls; Interactive Data Exploration Tool; Attendance and Gradebook System.,"Integrated Development Environment (IDE); Gemini 2.5 Pro AI Assistance; Firebase Backend Services (Firestore, Storage, Functions, Auth); Multi-Framework Support; Automated Schema Generation; Cloud Run Deployment; Local Development; Built-In Templates; Mobile Emulation.",15–30 minutes for a functioning app with backend. Complex apps take 45-90 minutes. Slower than frontend-only tools due to backend setup.,Accounts: Student accounts needed for auth/persistence; Devices: Fully responsive on all devices; Age Restrictions: COPPA compliance is educator responsibility (Firebase Auth supports age-gating); Internet: Required; Browser: Web-based.,Learning Curve for Backend Concepts; Cost Scaling (Google Cloud usage costs apply); Complexity vs. Alternatives (over-engineered for simple apps); Vendor Lock-In (deep Google Cloud integration); Debugging Complexity.,Start with App Architecture (clear data model); Leverage Gemini Assistance Extensively; Monitor Cloud Usage/Billing; Use Firebase Authentication Properly; Test Thoroughly Before School Rollout.,"Describe Full-Stack Needs (login, database, logic); Specify Data Structures Clearly (Users, Quizzes, etc.); Include Deployment Context (scaling); Reference Security Requirements (access controls); Ask Gemini for Architecture Reviews.",Data stored on Google Cloud Firestore; SOC 2/FedRAMP certified; GDPR-compliant; FERPA/COPPA depend on configuration; Schools should verify Google Cloud usage policies; Implement row-level security and authentication; Data retention is user-managed.,"Create on Mobile: Not practical (IDE desktop-optimized); Student Access: Excellent (responsive); Native Apps: No (PWA/wrapping possible); Rating: Excellent for student usage, Not Supported for creation.","Official Firebase Documentation; Video Tutorials (YouTube, Google Firebase channel); AI Prototyping Agent templates; Community (Stack Overflow, Reddit, Google Cloud).",Cloud Functions (serverless logic); Cloud Storage Integration; Firestore Real-Time Sync; Vertex AI Integration; Scheduled Tasks; GraphQL and REST APIs; Image/File handling.,Student Capacity: Scales to thousands (Cloud Run/Firestore auto-scale); Multi-Teacher Use: Via Google Cloud IAM roles; Performance: Excellent; Limitations: Google Cloud quotas and billing limits.,Google Cloud native collaboration (IAM roles); Multi-educator access to project; Shareable URLs; Student collaboration via real-time sync apps; Version control via Git/Cloud Source Repositories.,"Google Workspace (Sign-In, Sheets/Drive APIs); Microsoft 365 (via API); LMS Integration (embed/link, REST APIs); Spreadsheets (via API); APIs and Webhooks; Stripe/Twilio/SendGrid via Gemini generation.","Distribution: Cloud Run URLs, custom domains; Cloud-Hosted: Google Cloud Run; Export Formats: Code exportable (portable), but DB/Infra is Google-dependent; Embeddable: Yes (iframes).","Firebase Studio: Free during preview; Infrastructure Costs: Firestore/Cloud Run/Storage have free tiers, pay-per-use beyond; Education Discount: Google Cloud for Education credits available.",https://firebase.google.com/docs/studio,"Technical Level: Low-code (code gen + backend); Primary Use Case: Interactive apps, Assessment; Deployment: Cloud-hosted; Collaboration: Team features (IAM); Data Integration: Databases, APIs, Storage; Pricing Tier: Free (preview)"
Google Gemini (Gems),AI Model Platforms With Creation Extensions,"Google Gemini is Google's advanced large language model platform. 'Gems' are custom AI assistants with custom instructions and knowledge files. Features include Canvas (interactive workspace for code/docs), Deep Research (comprehensive reports), and Imagen (image generation).","Gemini's strength is Google Workspace integration and deep research capabilities. It is embedded directly in Workspace apps (Docs, Drive, Classroom). Canvas enables rapid content/code generation. Deep Research provides cited reports surpassing basic chat. Gems are free to create.","Subject-Specific Tutoring Gem; Deep Research Reports (comprehensive, cited); Interactive Quiz Simulation via Canvas; Imagen-Generated Illustrations; Personalized Learning Path Gem.","Gems (Custom AI Assistants, Knowledge Upload, Custom Behavior); Canvas (Interactive Workspace, Code/Doc Generation); Deep Research (Multi-source reports, Citations); Imagen (Image Generation); Google Workspace Integration.",1–3 minutes to create a Gem. 5–15 minutes for Deep Research report. 3–10 minutes for Canvas content.,"Accounts: Students need Google accounts (free via school); Devices: Computers, tablets, phones (Gemini app); Age Restrictions: Workspace for Education bypasses age verification, Personal 13+; Internet: Required; Browser: Web/Mobile app.",Feature Availability Varies (Advanced features paid); Integration Dependency (best with Google ecosystem); Knowledge File Limits; Accuracy Concerns; Fewer Customization Options Than Custom GPTs.,Leverage Google Workspace Integration (share via Classroom); Upload Quality Teaching Materials; Use Deep Research for Current Events; Test Gems Before Classroom Rollout; Combine Multiple Gemini Tools (Gem + Canvas + Research).,"For Gem: Describe teaching approach, upload materials; For Deep Research: Specify research question and report format; For Canvas: Describe desired document/code output; For Imagen: Describe image content/style; Build Context.",Data Collection: Google collects data (School accounts have protections); Compliance: Workspace for Education is FERPA/COPPA compliant; Privacy: Use school accounts for student data; Anonymous Access: Gems shareable via links (login required for interaction).,"Create on Mobile: Limited (Canvas/Gem creation better on desktop); Student Access: Excellent (Mobile app/web); Native Apps: Yes (iOS/Android); Rating: Excellent for student access, Limited for creation.","Official Documentation; Video Tutorials; Example Gems; Community (Google Groups, Reddit); Support via community or Google One.","API Access; Multimodal Input (text, image, audio, video); Custom Knowledge Base Integration; Deep Research Integration with Canvas; Imagen Fine-Tuning.",User Capacity: Scales to millions; Multi-Educator Use: Unlimited sharing via links; Performance: Fast; Limitations: Rate limits apply.,"Multi-Educator Projects: Limited native collaboration (share links); Sharing Features: Configurable permissions; Student Collaboration: Multi-user conversation supported, Canvas is single-user; Version Control: Limited.","Google Workspace (Deep integration: Docs, Drive, Classroom, Sheets); Microsoft 365 (Limited); LMS Integration (Embed/Link); APIs and Webhooks (Google AI API); File Upload.",Distribution: Shareable Gem links; Cloud-Hosted: Google servers; Export Formats: Docs/PDF/Markdown/HTML/Images; Embeddable: Yes (Google Sites/LMS).,"Free Tier: Basic model, Gem creation free; Gemini Advanced: $20/month (Deep Research priority, Canvas full access); Google Workspace for Education: Free for schools (includes Gemini); Google One Premium: $13/month.",https://gemini.google.com,"Technical Level: No-code; Primary Use Case: Content creation, Research, Assessment; Deployment: Cloud-hosted; Collaboration: Shareable outputs; Data Integration: Google Workspace, Files; Pricing Tier: Freemium"
NotebookLM,Specialized Content & Curriculum Creation Tools,"NotebookLM is Google's AI research and learning assistant designed for working with uploaded documents. Users build a 'notebook' of sources (PDFs, docs, media) and interact via chat. It generates Audio Overviews (AI podcasts), research reports, and study guides grounded in the uploaded materials.","NotebookLM excels at source-grounded research, preventing hallucinations by only referencing uploaded materials. The Audio Overview feature generates podcast-style summaries perfect for auditory learners and flipped classrooms. It acts as a 'research assistant in a box' for educators.",Audio Overviews for Flipped Learning; Source-Grounded Study Guide; Research Paper Analysis; Accessible Learning Content (multi-modal); Personalized Tutoring from Class Materials.,"Upload Multiple Sources (PDF, text, audio, video, web); Source-Grounded Chat; Audio Overviews (AI podcast); Study Guides (auto-generated); Research Reports; Notebook Organization; Shareable Notebooks; Citation Tracking.",5–10 minutes to upload and ask questions. 10–20 minutes to generate Audio Overview.,"Accounts: Google accounts required (free via school); Devices: Computers, tablets, phones; Age Restrictions: Workspace for Education handles COPPA; Internet: Required; Browser: Web-based.","Source Quality Dependency (garbage in, garbage out); Upload File Size Limits; Audio Overview Accuracy (occasional misinterpretation); Limited Customization of Output; Privacy Model Uncertainty (verify with Google).",Curate Quality Materials; Organize Notebooks Logically; Use Audio Overviews for Complex Topics; Always Verify Audio Overview Content; Combine Multiple Modalities.,For Study Guides: 'Generate a study guide... include vocabulary...'; For Research Synthesis: 'Summarize main arguments...'; For Concept Explanation: 'Explain X using uploaded materials...'; For Audio Overview: 'Create an Audio Overview...'; For Accessibility: 'Summarize in simpler language...'.,Data Collection: Stored in Google ecosystem; Compliance: Workspace for Education is FERPA/COPPA compliant; Privacy: Use school emails; Student Data: Avoid sensitive data; Anonymous Access: Read-only shared notebooks via link.,"Create on Mobile: Limited (uploading cumbersome); Student Access: Good (Chat/Audio functional); Native Apps: Via Gemini app/Web; Rating: Limited for creation, Good for learning.",Official Documentation; Video Tutorials; Community Examples; Reddit/Google communities.,"Multiple Notebook Sources; Cite and Link; Multimodal Input; Collaborative Notebooks; Export Capabilities (Docs, Audio).",User Capacity: Scales to millions; Multi-User Collaboration: Shared notebooks; Performance: Fast processing; Limitations: Generous storage limits.,Multi-Educator Projects: Collaborative curation; Sharing Features: Share via link (view/edit); Student Collaboration: Peer learning on shared notebooks; Version Control: Tracked changes.,"Google Workspace (Seamless); File Upload (PDF, images, audio, video, URL); LMS Integration (Link); APIs (Limited).","Distribution: Shareable links; Cloud-Hosted: Google servers; Export Formats: Google Docs, PDF, Audio files; Embeddable: Yes.",Free Tier: Full access via Google account; Google Workspace for Education: Free for schools; Google One Premium: Includes access.,https://notebooklm.google.com,"Technical Level: No-code; Primary Use Case: Content creation, Research, Learning support; Deployment: Cloud-hosted; Collaboration: Shareable notebooks; Data Integration: Files, Workspace; Pricing Tier: Free"
Google AI Studio,AI Model Platforms With Creation & Development Extensions,"Google AI Studio is Google’s official web-based environment for interacting with, testing, and prototyping applications using Gemini models. It serves as a prompt engineering playground and developer console for text, image, audio, video, and code inputs. It bridges experimentation and production.","Its core value is the tight alignment between experimentation and deployment. Prototypes can be exported as production-ready API calls. It offers massive context windows (1M+ tokens), first-class multimodality, and native Google ecosystem integration. Ideal for building AI-powered learning tools or content systems.",Custom AI Tutors (grounded in textbooks); Multimodal Assignments (analyze PDFs/videos); Assessment Tool Prototyping; Curriculum Analysis; AI Literacy Instruction.,"Gemini Model Access (Pro, Flash); Multimodal Prompting; System Instruction Control; Parameter Tuning; Structured Output (JSON); Prompt Versioning; One-Click API Export; Safety Configuration.",Immediate (1-3 mins) for simple prompts; 30-60 mins for full prototype ready for API deployment.,Accounts: Google account required; Devices: Desktop strongly recommended; Age Restrictions: 13+ (personal); Internet: Required; Installation: Browser-based.,Not a Consumer Chat Tool (no memory/UX polish); Requires Conceptual Literacy; No Built-In Collaboration UI; UI Optimized for Builders.,Design prompts as reusable components; Use system instructions aggressively; Test edge cases; Lock successful prompts early and export.,Explicitly define role + audience + output format; Request structured JSON for tools; Separate analysis from student-facing prompts; Use long-context uploads.,Data Handling: Prompts may be logged; Training: Enterprise data not trained on; FERPA/GDPR requires Workspace/Vertex config; Student Data: Avoid identifiers.,"Creation: Poor (desktop preferred); Viewing: Acceptable; Native Apps: None; Overall: Desktop-first, developer-oriented.",Official Documentation; Gemini API docs; YouTube tutorials; Google Cloud community.,Massive Context Windows; Video Understanding; Audio Transcription; Tool-Calling & Function Definitions; Grounding with External Data.,Built on Google Cloud; Production-grade reliability; Scales to national platforms; Configurable rate limits.,No real-time co-editing; Collaboration via GitHub/Docs/Vertex AI; Enterprise teams manage access via IAM.,Vertex AI; Google Workspace; Custom Apps; APIs & SDKs.,Export: Prompt to API code; Hosting: Google Cloud/Vertex AI; Embedding: Custom frontends.,AI Studio UI: Free (usage-limited); Gemini API: Pay-as-you-go; Education Accounts: Special terms; Enterprise: Vertex AI pricing.,https://ai.google.dev/aistudio,"Technical Level: Low-code -> Pro-code; Primary Use Case: AI prototyping, tool building; Deployment: Cloud-hosted; Collaboration: External; Data Integration: Multimodal, APIs; Pricing Tier: Freemium -> Usage-based"
Claude (Artifacts),AI Model Platforms With Creation Extensions,"Claude is Anthropic's advanced LLM. Artifacts enable educators to generate interactive HTML/CSS/JavaScript applications, documents, and code within the chat interface. It creates a dedicated workspace for viewing, editing, and sharing content.","Claude excels at nuanced reasoning and code quality. Artifacts are available on free tiers, democratizing access. It allows educators to generate interactive tools without coding. The platform emphasizes responsible/ethical AI.",Interactive HTML Simulations; Formatted Study Guides and Lesson Plans; Interactive Assessment or Quiz; Code Visualization Tools; Collaborative Document Creation.,Artifacts for Code (HTML/CSS/JS); Artifacts for Documents (Markdown/Text); Artifacts for Visualizations; Shared Artifact Links; Mobile Artifact Access; Code Editing in Artifacts; Multi-Message Iterations.,2-5 minutes for simple Artifacts. 5-15 minutes for complex interactive applications.,"Accounts: Not required to view shared links, required for interaction; Devices: Computers, tablets, phones (Native apps); Age Restrictions: 13+, COPPA educator responsibility; Internet: Required; Browser: Web/Mobile app.",Plan Limitations (Free tier context limits); Anthropic's Data Privacy Stance (Standard logs interactions); Accuracy/Hallucinations; Artifact Sharing Limitations (Public links); Limited Collaboration on Shared Artifacts (Creator edits only).,Use Artifacts for Complex Output Only; Iterate in Conversation; Test Artifact Interactivity Thoroughly; Export for Backup; Combine Claude Reasoning with Artifacts.,For Interactive Artifacts: 'Create an interactive [tool] as an HTML/CSS/JS Artifact...'; For Documents: 'Generate a study guide...'; For Visualization: 'Create an interactive chart...'; Specify Export Format; Request Customization.,"Data Collection: Logs conversations (Free tier not trained by default but stored); Compliance: Standard not FERPA-compliant, Education/Enterprise is; Privacy: Use Education plan for PII; Student Data: Avoid real data in free tier; Anonymous Access: Shared Artifacts viewable anonymously.","Create on Mobile: Decent (Apps support creation); Student Access: Excellent (Interactive on mobile); Native Apps: Yes; Rating: Good for authoring, Excellent for access.",Official Documentation; Video Tutorials; Community Examples; Reddit/Discord communities.,Extended Thinking (reasoning); Vision Capabilities; File Upload and Analysis; API Access; Batch Processing.,User Capacity: Scales to millions; Multi-Educator Use: Unlimited sharing; Performance: Consistently fast; Limitations: Free tier rate limits.,Multi-Educator Projects: Limited (share links); Sharing Features: Configurable permissions; Student Collaboration: View/Interact only; Version Control: History preserved in chat; Team Workspaces: Education/Enterprise only.,Google Workspace (Export to Docs); Microsoft 365 (Export to Word); LMS Integration (Link); APIs and Webhooks; File Upload.,"Distribution: Shared links; Cloud-Hosted: Anthropic servers; Export Formats: Code, Docs, HTML; Embeddable: Yes (iframes); Integration with External Sites: Limited (Links best).","Free Tier: Claude 3.5 Sonnet, full Artifacts; Claude Pro: $20/month (5x limits); Claude for Education: Enterprise pricing, FERPA-compliant; Claude for Work: Team plan.",https://claude.ai,"Technical Level: No-code/Low-code; Primary Use Case: Content creation, Assessment; Deployment: Cloud-hosted; Collaboration: Shareable outputs; Data Integration: Files, APIs; Pricing Tier: Freemium"
Microsoft Copilot + Copilot Studio,AI Model Platforms With Creation Extensions,"Microsoft Copilot is the AI assistant integrated into Microsoft 365. Copilot Studio allows educators to build custom copilots (AI agents) with custom logic, knowledge bases, and integrations without coding. It unifies AI with school infrastructure.","For Microsoft-centric schools, it enables building custom AI solutions without vendor fragmentation. Copilot is baked into Office tools. Copilot Studio enables enterprise-grade custom agents. It leverages existing Workspace/365 investments.",Custom Subject Tutor Copilot; Administrative Workflow Copilot; Research Assistant Copilot; Assignment Grading Copilot; Accessible Learning Aid.,"Microsoft Copilot (Office/Edge Integration, Conversational AI); Copilot Studio (Low-Code Builder, Knowledge Base Integration, Workflow Automation, Multi-Channel Deployment, Power Automate Integration, Auth/Permissions, Analytics).","Copilot: Immediate. Copilot Studio: 30-60 mins for simple agent, 2-4 hours for complex.","Accounts: Microsoft 365 accounts required; Devices: Computers, tablets, phones; Age Restrictions: M365 Education handles COPPA; Internet: Required; Browser: Web/Desktop apps.",Learning Curve for Copilot Studio; Pricing Complexity (Licensing costs); Limited Out-of-Box Integration with Third-Party LMS; Vendor Lock-In; Privacy and Data Governance Complexity.,Leverage Existing M365 Data (SharePoint/OneDrive); Design Clear Conversation Flows; Test Extensively with Different User Roles; Document Knowledge Sources; Use Power Automate for Complex Workflows.,For Office: 'Help me create a lesson plan...'; For Studio: 'Create a copilot that helps students understand [topic]. Upload [materials]...'; 'Build a copilot that guides students through [process]...'.,"Data Collection: Collects interaction data; Compliance: M365 is FERPA-compliant, Studio configurable; Privacy: Configure governance/training settings; Student Data: Role-based access, disable training; Anonymous Access: Possible but usually authenticated.","Create on Mobile: Limited (Studio desktop-optimized); Student Access: Good (Teams/Web); Native Apps: Office/Teams apps; Rating: Limited creation, Good access.",Official Documentation; Video Tutorials (Microsoft Learn); Templates; Community (Microsoft Tech Community).,Power Automate Integration; Custom Authentication; External Data Connection; Semantic Search; Analytics and Insights.,User Capacity: Scales to millions; Multi-Teacher Use: Organization-level management; Performance: Enterprise-grade; Limitations: Pricing tiers/message limits.,Multi-Educator Projects: Organization-level management; Sharing Features: Deployed to Teams/Org; Student Collaboration: Multi-user conversation; Version Control: History maintained; Team Workspaces: Org structure.,Microsoft 365 (Deep integration); Power Platform; Third-Party Integrations (via Power Automate); LMS Integration (Limited/API); File Handling.,"Distribution: Teams, Web, Channels; Cloud-Hosted: Microsoft infrastructure; Export Formats: Config export only; Embeddable: Yes (iframe/widget); Custom Domains: Supported.",Copilot (Bing): Free; Copilot in M365: $20-30/user/month; Copilot Studio: $200/month (25k credits); Education Discount: Included in some licenses/discounted.,https://www.microsoft.com/microsoft-copilot,"Technical Level: No-code/Low-code; Primary Use Case: Content creation, Automation; Deployment: Cloud-hosted/Teams; Collaboration: Team features; Data Integration: M365, Power Automate; Pricing Tier: Freemium + Subscription"
Perplexity Pages,AI Model Platforms With Creation Extensions,"Perplexity is an AI search engine that synthesizes info with citations. Pages is a feature for transforming research into formatted, comprehensive articles/reports with auto-generated TOCs, images, and citations.","Excels at research-based content creation with built-in citations. Live web searches ensure currency. Generates polished, publishable articles in minutes. Ideal for research literacy and source attribution.",Research-Backed Study Guides; Current Events Analysis; Fact-Checked Research Reports; Annotated Bibliography Builder; Curated Content Library.,Topic-Based Page Generation; Audience Customization; Auto-Generated TOC; Real-Time Research; Embedded Citations; Image Generation; Editable Sections; Export to Google Docs; Shareable Page Links.,3–10 minutes from topic entry to polished article. Simple topics faster; complex ones take ~15 mins.,"Accounts: Free to view; Pro required to create; Devices: Computer, tablet, phone; Age Restrictions: 13+, COPPA educator responsibility; Internet: Required; Browser: Web/Mobile app.",Pro Tier for Creation; Source Quality Variability (check citations); Content Customization Complexity (rewriting needed); Desktop-Only Creation; Limited Collaboration (no co-editing).,Specify Audience Clearly (Beginner/Expert); Review Sources Before Classroom Use; Edit for Classroom Voice; Use as Research Starting Point; Combine with Google Docs Workflow.,Be Specific About Topic; Specify Audience and Depth; Request Particular Sections; Indicate Expected Format; Request Recent Information.,Data Collection: Collects queries/behavior; Compliance: Not explicitly FERPA/COPPA addressed; Privacy: Student queries logged; Student Data: Avoid real names; Anonymous Access: Viewable without account; Data Retention: Per policy.,"Create on Mobile: Limited (Desktop only); Student Access: Good (Responsive/App); Native Apps: Yes; Rating: Limited creation, Good viewing.",Official Documentation; Video Tutorials; Community Examples; Community (Reddit/Twitter); Support via community/Pro email.,Advanced Search Operators; File Upload in Research; Focus Modes; Collections; Publish and Collaborate.,User Capacity: Scales to millions; Multi-Educator Use: Direct links; Performance: Fast; Limitations: Free tier rate limits.,Multi-Educator Projects: View/comment only; Sharing Features: Customizable access (public/private); Student Collaboration: Comments supported; Version Control: Limited; Team Workspaces: None built-in.,Google Workspace (Export to Docs); Microsoft 365 (Export to Word); LMS Integration (Link); APIs (Limited); File Upload.,"Distribution: Shareable links; Cloud-Hosted: Perplexity servers; Export Formats: Google Docs, HTML, Markdown; Embeddable: Yes (iframes); Custom Domains: No.","Free Tier: View/comment, limited creation; Perplexity Pro: $20/month (Unlimited creation, advanced models); Education Pricing: Inquiry-based; Trial: Free tier/Pro trial.",https://www.perplexity.ai,"Technical Level: No-code; Primary Use Case: Content creation, Research, Communication; Deployment: Cloud-hosted; Collaboration: Shareable outputs; Data Integration: Web search, Files; Pricing Tier: Freemium"
Canva AI,Specialized Content & Curriculum Creation Tools,"Canva is a visual design platform with AI features (image gen, design suggestions, writing tools). Canva for Education is a free tier offering full access to premium features for K-12 educators/students.",Visual content creation with minimal design skills. Canva for Education is 100% free and includes unlimited designs/templates. Speed (5-10 mins) for professional materials.,Lesson Posters and Infographics; Assessment and Worksheet Templates; Professional Presentations; Classroom Bulletin Boards; Social Media and Announcements.,Drag-and-Drop Editor; AI Image Generation; AI Design Suggestions; AI Text Tools; Template Library; Brand Kits; Stock Library; Collaboration Features; Export Options; Canva Teams.,2–5 minutes for simple designs. 5–15 minutes for complex ones.,"Accounts: Canva for Education (Free for K-12); Devices: Computer, tablet, phone; Age Restrictions: COPPA-compliant for school accounts; Internet: Required; Browser: Web/Mobile/Desktop app.",Free Tier Limitations (if not Edu); Learning Curve for Advanced Features; AI Image Quality Variable; Print Quality Considerations; Collaboration Can Be Confusing.,Leverage Templates First; Create a Brand Kit; Use AI Image Iteratively; Test Print Readability; Invite Colleagues to Review.,For Image Gen: Specific adjectives/context; For Design: 'Suggest a layout...'; For Text: 'Generate educational text...'; Reference Existing Designs.,"Data Collection: Collects usage data; Compliance: Edu version FERPA/COPPA compliant; Privacy: Use Edu account; Student Data: Use school email, avoid sensitive data; Anonymous Access: Public links; Data Retention: Active.","Create on Mobile: Good (Apps available); Student Access: Excellent (Responsive); Native Apps: Yes; Rating: Good creation, Excellent viewing.",Official Documentation; Video Tutorials; Templates; Community; Support (Edu specific).,Video Editing; Animation Tools; Brand Kit Advanced; Canva Teams; API Access; Magic Studio (Advanced AI).,User Capacity: Scales to millions; Multi-Teacher Use: Teams/Collaborative workspaces; Performance: Fast; Limitations: No hard caps for Edu.,Multi-Educator Projects: Real-time collaboration; Sharing Features: Customizable permissions; Student Collaboration: Shared designs; Comments/Version Control; Team Workspaces.,Google Workspace (Classroom/Drive); Microsoft 365 (PPT); LMS Integration (Link/Embed); Social Media; APIs.,"Distribution: Shareable links; Cloud-Hosted: Canva cloud; Export Formats: PNG, PDF, PPT, MP4, SVG; Embeddable: Yes; Printing partners.",Free Tier: Limited; Canva Pro: ~$13/mo; Canva for Education: 100% FREE for K-12; Canva Teams: ~$30/user/mo.,https://www.canva.com,Technical Level: No-code; Primary Use Case: Content creation; Deployment: Cloud-hosted; Collaboration: Team features; Data Integration: Google/Files; Pricing Tier: Freemium (Edu: Free)
MagicSchool AI,Specialized Content & Curriculum Creation Tools,"AI tool designed specifically for educators with 60+ pre-built tools for lesson planning, curriculum, assessment, differentiation, and classroom management. Integrated into Google Workspace/LMS.","Pedagogical specialization. Pre-configured tools generate educationally sound content immediately without verbose prompting (e.g., 'Generate lesson plan aligned to Common Core'). Saves time.",Differentiated Instruction at Scale; Lesson Plan Generation; Assessment Item Generation; Parent Communication Templates; UDL Implementation.,60+ Specialized Tools; Standards Alignment; Differentiation Toolset; Content Input/Remix; Classroom Management Support; Assessment Tools; Browser Extension; Google Integration; Export Options.,2–5 minutes for single tool. 10–20 minutes for complex outputs.,Accounts: Educator-only (students access content via LMS); Devices: Any (for content); Age Restrictions: N/A (no student access); Internet: Required; Browser: Web/Extension.,Subscription Cost ($15-30/mo); Learning Curve (navigation); Generated Content Quality Variability; Dependence on Input Quality; Limited Customization.,Explore Tool Library; Use Google Classroom Integration; Provide Detailed Context; Review Generated Content; Combine Tools Strategically.,Be Specific About Context; Specify Student Needs; Reference Standards Explicitly; Indicate Time Constraints; Specify Modality.,"Data Collection: Collects prompts; Compliance: FERPA/COPPA compliant; Privacy: Review policies; Student Data: No student accounts, data handling depends on educator use; Anonymous Access: N/A.",Create on Mobile: Limited (Desktop best); Student Access: N/A (Content via LMS); Native Apps: No; Rating: Limited creation.,Official Documentation; Video Tutorials; Webinars/PD; Community (Slack); Support.,Custom Tool Creation; API Access; Batch Processing; Analytics; Team Collaboration (School plans).,User Capacity: Thousands; Multi-Educator Use: School licenses; Performance: Fast; Limitations: No hard caps.,Multi-Educator Projects: School plans enable team collaboration; Sharing Features: Via LMS; Student Collaboration: N/A (via LMS); Version Control: External; Team Workspaces: School plans.,Google Workspace (Deep); Microsoft 365 (Limited); LMS Integration (Emerging); APIs (Enterprise); File Handling.,"Distribution: Export to Google/Docs/PDF; Cloud-Hosted; Export Formats: Docs, PDF, Link; Embeddable: Yes.",Free Trial; Individual: ~$15-20/mo; Premium: ~$25-30/mo; School/District: Custom; Education Discounts available.,https://www.magicschool.ai,Technical Level: No-code; Primary Use Case: Content/Curriculum; Deployment: Cloud/Web; Collaboration: Team (School plans); Data Integration: Google/LMS; Pricing Tier: Freemium + Subscription
